{
    "$schema": "https://schema.management.azure.com/schemas/2015-01-01/deploymentTemplate.json#",
    "contentVersion": "1.0.0.0",
    "parameters": {
      "existingVNETName": {
        "type": "string",
        "metadata": {
          "description": "Existing VNET that contains the domain controller"
        }
      },
      "existingSubnetName": {
        "type": "string",
        "metadata": {
          "description": "Existing subnet that contains the domain controller"
        }
      },
      "dnsLabelPrefix": {
        "type": "string",
        "metadata": {
          "description": "Unique public DNS prefix for the deployment. The fqdn will look something like '<dnsname>.westus.cloudapp.azure.com'. Up to 62 chars, digits or dashes, lowercase, should start with a letter: must conform to '^[a-z][a-z0-9-]{1,61}[a-z0-9]$'."
        }
      },
      "vmSize": {
        "type": "string",
        "defaultValue": "Standard_A2",
        "metadata": {
          "description": "The size of the virtual machines"
        }
      },
      "domainToJoin": {
        "type": "string",
        "metadata": {
          "description": "The FQDN of the AD domain"
        }
      },
      "domainUsername": {
        "type": "string",
        "metadata": {
          "description": "Username of the account on the domain"
        }
      },
      "domainPassword": {
        "type": "securestring",
        "metadata": {
          "description": "Password of the account on the domain"
        }
      },
      "modulesUrl": {
        "type": "string",
        "metadata": {
          "description": "URL for the DSC configuration module. NOTE: Can be a Github url(raw) to the zip file"
        }
      },
      "configurationFunction": {
        "type": "string",
        "defaultValue": "dscconf.ps1\\dscconf",
        "metadata": {
          "description": "DSC configuration function to call"
        }
      },
      "ouPath": {
        "type": "string",
        "defaultValue": "",
        "metadata": {
          "description": "Specifies an organizational unit (OU) for the domain account. Enter the full distinguished name of the OU in quotation marks. Example: \"OU=testOU; DC=domain; DC=Domain; DC=com\""
        }
      },
      "domainJoinOptions": {
        "type": "int",
        "defaultValue": 3,
        "metadata": {
          "description": "Set of bit flags that define the join options. Default value of 3 is a combination of NETSETUP_JOIN_DOMAIN (0x00000001) & NETSETUP_ACCT_CREATE (0x00000002) i.e. will join the domain and create the account on the domain. For more information see https://msdn.microsoft.com/en-us/library/aa392154(v=vs.85).aspx"
        }
      },
      "vmAdminUsername": {
        "type": "string",
        "metadata": {
          "description": "The name of the administrator of the new VM and the domain. Exclusion list: 'admin','administrator"
        }
      },
      "vmAdminPassword": {
        "type": "securestring",
        "metadata": {
          "description": "The password for the administrator account of the new VM and the domain"
        }
      },
      "location": {
        "type": "string",
        "defaultValue": "[resourceGroup().location]",
        "metadata": {
          "description": "Location for all resources."
        }
      }
    },
    "variables": {
      "imagePublisher": "MicrosoftSQLServer",
      "imageOffer": "SQL2016SP2-WS2016",
      "windowsOSVersion": "SQLDEV",
      "vmExtensionName": "dscExtension",
      "nicName": "[concat(parameters('dnsLabelPrefix'),'Nic')]",
      "subnetId": "[parameters('existingSubnetName')]"
    },
    "resources": [
      {
        "apiVersion": "2015-06-15",
        "type": "Microsoft.Network/networkInterfaces",
        "name": "[variables('nicName')]",
        "location": "[parameters('location')]",
        "properties": {
          "ipConfigurations": [
            {
              "name": "ipconfig",
              "properties": {
                "privateIPAllocationMethod": "Dynamic",
                "subnet": {
                  "id": "[variables('subnetId')]"
                }
              }
            }
          ]
        }
      },
      {
        "apiVersion": "2017-03-30",
        "type": "Microsoft.Compute/virtualMachines",
        "name": "[parameters('dnsLabelPrefix')]",
        "location": "[parameters('location')]",
        "dependsOn": [
          "[resourceId('Microsoft.Network/networkInterfaces', variables('nicName'))]"
        ],
        "properties": {
          "hardwareProfile": {
            "vmSize": "[parameters('vmSize')]"
          },
          "osProfile": {
            "computerName": "[parameters('dnsLabelPrefix')]",
            "adminUsername": "[parameters('vmAdminUsername')]",
            "adminPassword": "[parameters('vmAdminPassword')]"
          },
          "storageProfile": {
            "imageReference": {
              "publisher": "[variables('imagePublisher')]",
              "offer": "[variables('imageOffer')]",
              "sku": "[variables('windowsOSVersion')]",
              "version": "latest"
            },
            "osDisk": {
              "name": "[concat(parameters('dnsLabelPrefix'),'_OsDisk')]",
              "caching": "ReadWrite",
              "createOption": "FromImage"
            },
            "dataDisks": [
              {
                "name": "[concat(parameters('dnsLabelPrefix'),'_dataDisk1')]",
                "caching": "None",
                "createOption": "Empty",
                "diskSizeGB": "400",
                "lun": 0
              }
            ]
          },
          "networkProfile": {
            "networkInterfaces": [
              {
                "id": "[resourceId('Microsoft.Network/networkInterfaces', variables('nicName'))]"
              }
            ]
          }
          
        }
      },
      {
        "apiVersion": "2015-06-15",
        "type": "Microsoft.Compute/virtualMachines/extensions",
        "name": "[concat(parameters('dnsLabelPrefix'),'/joindomain')]",
        "location": "[parameters('location')]",
        "dependsOn": [
          "[concat('Microsoft.Compute/virtualMachines/', parameters('dnsLabelPrefix'))]"
        ],
        "properties": {
          "publisher": "Microsoft.Compute",
          "type": "JsonADDomainExtension",
          "typeHandlerVersion": "1.3",
          "autoUpgradeMinorVersion": true,
          "settings": {
            "Name": "[parameters('domainToJoin')]",
            "OUPath": "[parameters('ouPath')]",
            "User": "[concat(parameters('domainToJoin'), '\\', parameters('domainUsername'))]",
            "Restart": "true",
            "Options": "[parameters('domainJoinOptions')]"
          },
          "protectedSettings": {
            "Password": "[parameters('domainPassword')]"
          }
        }
      },
      {
        "type": "Microsoft.Compute/virtualMachines/extensions",
        "name": "[concat(parameters('dnsLabelPrefix'),'/', variables('vmExtensionName'))]",
        "apiVersion": "2015-05-01-preview",
        "location": "[parameters('location')]",
        "dependsOn": [
          "[concat('Microsoft.Compute/virtualMachines/', parameters('dnsLabelPrefix'))]"
        ],
        "properties": {
          "publisher": "Microsoft.Powershell",
          "type": "DSC",
          "typeHandlerVersion": "2.19",
          "autoUpgradeMinorVersion": true,
          "settings": {
            "ModulesUrl": "[parameters('modulesUrl')]",
            "ConfigurationFunction": "[parameters('configurationFunction')]",
            "Properties": {
              "MachineName": "[parameters('dnsLabelPrefix')]"
            }
          },    
                "protectedSettings": {
                "configurationUrlSasToken": "?sp=r&st=2019-06-04T15:32:00Z&se=2020-06-04T23:32:00Z&spr=https&sv=2018-03-28&sig=VaY1Kpqfke3Yl4ilNz9ghgQ9TIjafL%2BweTi0eqI0Z6s%3D&sr=b"
}
        }
      },
      {
        "apiVersion": "2018-06-01",
        "type": "Microsoft.Compute/virtualMachines/extensions",
        "name": "[concat(parameters('dnsLabelPrefix'),'/', 'InstallPSModules')]",
        "location": "[parameters('location')]",
        "dependsOn": [
            "[concat('Microsoft.Compute/virtualMachines/',parameters('dnsLabelPrefix'))]"
        ],
        "properties": {
            "publisher": "Microsoft.Compute",
            "type": "CustomScriptExtension",
            "typeHandlerVersion": "1.7",
            "autoUpgradeMinorVersion":true,
            "settings": {
                "fileUris": [
                    "https://qaappartifacts.blob.core.windows.net/vmartifacts/modules.ps1?sp=r&st=2019-06-04T17:00:14Z&se=2020-06-05T01:00:14Z&spr=https&sv=2018-03-28&sig=bofsz%2B6wyD7%2F%2BZGyPgYTSOg2iOqYBP%2Bg%2FRJUDwWcoX0%3D&sr=b"
                ],
                "commandToExecute": "powershell.exe -ExecutionPolicy Unrestricted -File modules.ps1"
            }
        }
    }
    ]
  }
  