{
    "$schema": "https://schema.management.azure.com/schemas/2015-01-01/deploymentParameters.json#",
    "contentVersion": "1.0.0.0",
    "parameters": {
      "existingVNETName": {
        "value": "#{existingVNET}#"
      },
      "existingSubnetName": {
        "value": "#{existingSubnet}#"
      },
      "vmSize": {
        "value": "#{reportVMSize}#"
      },
      "domainToJoin": {
        "value": "#{domainToJoin}#"
      },
      "domainUsername": {
        "value": "#{domainUsername}#"
      },
      "domainPassword": {
        "reference": {
          "keyVault": {
             "id": "/subscriptions/a9ab2198-f5a6-4e71-a979-6043272806a3/resourceGroups/keyvault/providers/Microsoft.KeyVault/vaults/temores"
          },
        "secretname": "admin"
        }
      },
      "domainJoinOptions": {
        "value": 3
      },
      "vmAdminUsername": {
        "value": "#{reportVMAdminUsername}#"
      },
      "vmAdminPassword": {
        "reference": {
          "keyVault": {
             "id": "/subscriptions/a9ab2198-f5a6-4e71-a979-6043272806a3/resourceGroups/keyvault/providers/Microsoft.KeyVault/vaults/temores"
          },
        "secretname": "admin"
        }
      },
      "modulesUrl": {
        "value": "https://qaappartifacts.blob.core.windows.net/vmartifacts/dscconf.zip?sp=r&st=2019-06-04T15:32:00Z&se=2020-06-04T23:32:00Z&spr=https&sv=2018-03-28&sig=VaY1Kpqfke3Yl4ilNz9ghgQ9TIjafL%2BweTi0eqI0Z6s%3D&sr=b"
    },
    "configurationFunction": {
        "value": "dscconf.ps1\\dscconf"
    },
      "dnsLabelPrefix": {
        "value": "use2#{ENV}#rp#{ENVVER}#" 
      }
    }
  }